{"cameraMode":{"drawMode":0,"name":"Shaded","section":"Shading Mode"},"sceneLighting":true,"audioPlay":false,"sceneViewState":{"showFog":true,"showMaterialUpdate":false,"showSkybox":true,"showFlares":true,"showImageEffects":true,"showParticleSystems":true,"showVisualEffectGraphs":true,"m_FxEnabled":false},"in2DMode":false,"pivot":{"x":0.012569544836878777,"y":-71.0312728881836,"z":0.0427502766251564},"rotation":{"x":-0.20914936065673829,"y":0.42228934168815615,"z":-0.10079792141914368,"w":-0.8762243390083313},"size":0.12677517533302308,"orthographic":false}